sale_date,net_price,non_work_day,is_month_end,close_month_zone
2024-01-02,719422.633121,0,0,0
2024-01-03,992292.592274,0,0,0
2024-01-04,802011.48393,0,0,0
2024-01-05,484853.024748,0,0,0
2024-01-06,60058.167509,0,0,0
2024-01-07,0.0,0,0,0
2024-01-08,622816.979611,0,0,0
2024-01-09,1082699.55262,0,0,0
2024-01-10,797017.780973,0,0,0
2024-01-11,611524.104548,0,0,0
2024-01-12,826546.079675,0,0,0
2024-01-13,0.0,0,0,0
2024-01-14,0.0,0,0,0
2024-01-15,862264.189479,0,0,0
2024-01-16,925518.735068,0,0,0
2024-01-17,854075.745673,0,0,0
2024-01-18,569491.331229,0,0,0
2024-01-19,618473.583998,0,0,0
2024-01-20,0.0,0,0,0
2024-01-21,0.0,0,0,0
2024-01-22,1011498.255646,0,0,0
2024-01-23,974473.871432,0,0,0
2024-01-24,814567.182013,0,0,0
2024-01-25,966983.27163,0,0,0
2024-01-26,482234.625721,0,0,0
2024-01-27,0.0,0,0,0
2024-01-28,0.0,0,0,0
2024-01-29,1356572.287165,0,0,1
2024-01-30,1025820.468713,0,0,1
2024-01-31,2014593.920666,0,1,0
2024-02-01,575341.597245,0,0,0
2024-02-02,466802.639861,0,0,0
2024-02-03,0.0,0,0,0
2024-02-04,0.0,0,0,0
2024-02-05,0.0,0,0,0
2024-02-06,1151927.896866,0,0,0
2024-02-07,863455.832039,0,0,0
2024-02-08,877981.75283,0,0,0
2024-02-09,590907.564008,0,0,0
2024-02-10,21037.777484000002,0,0,0
2024-02-11,0.0,0,0,0
2024-02-12,855387.274323,0,0,0
2024-02-13,1423332.99639,0,0,0
2024-02-14,612242.920314,0,0,0
2024-02-15,663963.129792,0,0,0
2024-02-16,777626.434478,0,0,0
2024-02-17,0.0,0,0,0
2024-02-18,0.0,0,0,0
2024-02-19,1015961.568214,0,0,0
2024-02-20,1099701.169718,0,0,0
2024-02-21,779815.306766,0,0,0
2024-02-22,841008.894114,0,0,0
2024-02-23,1247847.785733,0,0,0
2024-02-24,0.0,0,0,0
2024-02-25,0.0,0,0,0
2024-02-26,941455.409045,0,0,0
2024-02-27,1112111.934644,0,0,1
2024-02-28,1175240.642118,0,0,1
2024-02-29,1842051.649126,0,1,0
2024-03-01,510873.41792,0,0,0
2024-03-02,11660.922935,0,0,0
2024-03-03,25849.778784,0,0,0
2024-03-04,1074627.361509,0,0,0
2024-03-05,973183.657133,0,0,0
2024-03-06,656479.671788,0,0,0
2024-03-07,768617.4758520001,0,0,0
2024-03-08,459464.498176,0,0,0
2024-03-09,0.0,0,0,0
2024-03-10,32030.903602,0,0,0
2024-03-11,1058553.013877,0,0,0
2024-03-12,844972.92315,0,0,0
2024-03-13,666825.17166,0,0,0
2024-03-14,1040022.304867,0,0,0
2024-03-15,701627.026346,0,0,0
2024-03-16,0.0,0,0,0
2024-03-17,0.0,0,0,0
2024-03-18,0.0,1,0,0
2024-03-19,1481946.258943,0,0,0
2024-03-20,865000.710769,0,0,0
2024-03-21,1274740.689087,0,0,0
2024-03-22,840645.264886,0,0,0
2024-03-23,0.0,0,0,0
2024-03-24,0.0,0,0,0
2024-03-25,1708198.322359,0,0,1
2024-03-26,1826735.12669,0,0,1
2024-03-27,1375728.196349,0,1,0
2024-03-28,11300.186126999999,1,0,0
2024-03-29,0.0,1,0,0
2024-03-30,0.0,0,0,0
2024-03-31,197015.767659,0,0,0
2024-04-01,1364498.581357,0,0,0
2024-04-02,1038268.197955,0,0,0
2024-04-03,685851.765423,0,0,0
2024-04-04,774942.276563,0,0,0
2024-04-05,830279.493093,0,0,0
2024-04-06,22716.868195,0,0,0
2024-04-07,0.0,0,0,0
2024-04-08,991751.842535,0,0,0
2024-04-09,899153.712473,0,0,0
2024-04-10,916881.846423,0,0,0
2024-04-11,1064192.79897,0,0,0
2024-04-12,630729.854012,0,0,0
2024-04-13,0.0,0,0,0
2024-04-14,0.0,0,0,0
2024-04-15,964422.056573,0,0,0
2024-04-16,1270440.141797,0,0,0
2024-04-17,909022.575605,0,0,0
2024-04-18,732885.517873,0,0,0
2024-04-19,674930.165373,0,0,0
2024-04-20,0.0,0,0,0
2024-04-21,32434.381524,0,0,0
2024-04-22,1029484.598211,0,0,0
2024-04-23,983874.25785,0,0,0
2024-04-24,556224.207198,0,0,0
2024-04-25,993656.565117,0,0,0
2024-04-26,545061.364106,0,0,1
2024-04-27,0.0,0,0,0
2024-04-28,0.0,0,0,0
2024-04-29,1096459.135222,0,0,1
2024-04-30,1422608.320999,0,1,0
2024-05-01,12279.203583999999,1,0,0
2024-05-02,1166543.854853,0,0,0
2024-05-03,478741.825574,0,0,0
2024-05-04,83068.849283,0,0,0
2024-05-05,0.0,0,0,0
2024-05-06,1132282.270753,0,0,0
2024-05-07,1094382.96379,0,0,0
2024-05-08,979223.036954,0,0,0
2024-05-09,980677.891305,0,0,0
2024-05-10,268668.44331,0,0,0
2024-05-11,0.0,0,0,0
2024-05-12,0.0,0,0,0
2024-05-13,1330409.206495,0,0,0
2024-05-14,847734.437574,0,0,0
2024-05-15,827665.699606,0,0,0
2024-05-16,646462.273568,0,0,0
2024-05-17,323231.136784,0,0,0
2024-05-18,0.0,0,0,0
2024-05-19,0.0,0,0,0
2024-05-20,731249.082682,0,0,0
2024-05-21,663106.394287,0,0,0
2024-05-22,594963.705892,0,0,0
2024-05-23,842353.671975,0,0,0
2024-05-24,614230.539115,0,0,0
2024-05-25,0.0,0,0,0
2024-05-26,0.0,0,0,0
2024-05-27,676707.828618,0,0,0
2024-05-28,1353415.657236,0,0,0
2024-05-29,754573.300005,0,0,1
2024-05-30,1305717.086295,0,0,1
2024-05-31,1587023.657721,0,1,0
2024-06-01,70566.658318,0,0,0
2024-06-02,0.0,0,0,0
2024-06-03,524847.297182,0,0,0
2024-06-04,259061.66256899998,0,0,0
2024-06-05,534347.216497,0,0,0
2024-06-06,1196173.518884,0,0,0
2024-06-07,443259.21713299997,0,0,0
2024-06-08,0.0,0,0,0
2024-06-09,0.0,0,0,0
2024-06-10,399345.98226699996,0,0,0
2024-06-11,883321.359493,0,0,0
2024-06-12,877600.060195,0,0,0
2024-06-13,923163.286665,0,0,0
2024-06-14,885305.089063,0,0,0
2024-06-15,0.0,0,0,0
2024-06-16,0.0,0,0,0
2024-06-17,940097.036714,0,0,0
2024-06-18,827662.209181,0,0,0
2024-06-19,713410.467005,0,0,0
2024-06-20,719940.565067,0,0,0
2024-06-21,921225.039567,0,0,0
2024-06-22,0.0,0,0,0
2024-06-23,0.0,0,0,0
2024-06-24,973479.508181,0,0,0
2024-06-25,1206844.305197,0,0,0
2024-06-26,1330430.912525,0,0,1
2024-06-27,1574355.832898,0,0,1
2024-06-28,1678583.3834250001,0,1,0
2024-06-29,165749.599165,0,0,0
2024-06-30,137600.78668,0,0,0
2024-07-01,441787.486397,0,0,0
2024-07-02,967257.975801,0,0,0
2024-07-03,587302.547761,0,0,0
2024-07-04,903019.873066,0,0,0
2024-07-05,630466.730317,0,0,0
2024-07-06,0.0,0,0,0
2024-07-07,0.0,0,0,0
2024-07-08,98758.97535799997,0,0,0
2024-07-09,408093.3983245,0,0,0
2024-07-10,717427.821291,0,0,0
2024-07-11,897420.361924,0,0,0
2024-07-12,426942.742409,0,0,0
2024-07-13,0.0,0,0,0
2024-07-14,0.0,0,0,0
2024-07-15,1162325.107826,0,0,0
2024-07-16,947288.5776965001,0,0,0
2024-07-17,732252.047567,0,0,0
2024-07-18,549189.03567525,0,0,0
2024-07-19,366126.0237835,0,0,0
2024-07-20,183063.01189175,0,0,0
2024-07-21,0.0,0,0,0
2024-07-22,1169978.045215,0,0,0
2024-07-23,1066230.715421,0,0,0
2024-07-24,706950.814627,0,0,0
2024-07-25,854786.741622,0,0,0
2024-07-26,736958.417475,0,0,0
2024-07-27,0.0,0,0,0
2024-07-28,0.0,0,0,0
2024-07-29,929642.474595,0,0,1
2024-07-30,1595217.634571,0,0,1
2024-07-31,2885399.3936,0,1,0
2024-08-01,614276.436635,0,0,0
2024-08-02,793594.4143760001,0,0,0
2024-08-03,25547.907365,0,0,0
2024-08-04,0.0,0,0,0
2024-08-05,911456.045683,0,0,0
2024-08-06,795065.497741,0,0,0
2024-08-07,701179.140768,0,0,0
2024-08-08,755165.828154,0,0,0
2024-08-09,873069.965668,0,0,0
2024-08-10,0.0,0,0,0
2024-08-11,0.0,0,0,0
2024-08-12,1301295.991761,0,0,0
2024-08-13,1158753.654722,0,0,0
2024-08-14,641918.551469,0,0,0
2024-08-15,816515.821975,0,0,0
2024-08-16,569931.082356,0,0,0
2024-08-17,0.0,0,0,0
2024-08-18,0.0,0,0,0
2024-08-19,1072680.818086,0,0,0
2024-08-20,1359831.587756,0,0,0
2024-08-21,881563.273254,0,0,0
2024-08-22,950542.680338,0,0,0
2024-08-23,534582.310303,0,0,0
2024-08-24,0.0,0,0,0
2024-08-25,0.0,0,0,0
2024-08-26,1801274.013761,0,0,0
2024-08-27,1155374.456363,0,0,0
2024-08-28,1105522.227096,0,0,1
2024-08-29,1248427.400957,0,0,1
2024-08-30,1372877.452491,0,1,0
2024-08-31,192932.270226,0,0,0
2024-09-01,0.0,0,0,0
2024-09-02,773069.229436,0,0,0
2024-09-03,688181.409238,0,0,0
2024-09-04,926849.172799,0,0,0
2024-09-05,690008.468731,0,0,0
2024-09-06,699281.570921,0,0,0
2024-09-07,31456.506011,0,0,0
2024-09-08,0.0,0,0,0
2024-09-09,1343698.937735,0,0,0
2024-09-10,1601611.148968,0,0,0
2024-09-11,1184568.48615,0,0,0
2024-09-12,1606880.740295,0,0,0
2024-09-13,3480797.345377,0,0,0
2024-09-14,0.0,0,0,0
2024-09-15,0.0,0,0,0
2024-09-16,0.0,1,0,0
2024-09-17,1305187.387533,0,0,0
2024-09-18,747655.933223,0,0,0
2024-09-19,552997.746198,0,0,0
2024-09-20,725264.614035,0,0,0
2024-09-21,0.0,0,0,0
2024-09-22,0.0,0,0,0
2024-09-23,790236.477772,0,0,0
2024-09-24,955986.497663,0,0,0
2024-09-25,721355.151595,0,0,0
2024-09-26,852409.072451,0,0,1
2024-09-27,765992.276031,0,0,1
2024-09-28,0.0,0,0,0
2024-09-29,0.0,0,0,0
2024-09-30,1207789.371552,0,1,0
2024-10-01,0.0,0,0,0
2024-10-02,1240969.415038,0,0,0
2024-10-03,986766.178297,0,0,0
2024-10-04,978430.321782,0,0,0
2024-10-05,107677.850643,0,0,0
2024-10-06,0.0,0,0,0
2024-10-07,888197.230917,0,0,0
2024-10-08,1018440.146631,0,0,0
2024-10-09,830916.811345,0,0,0
2024-10-10,825468.463196,0,0,0
2024-10-11,995646.731542,0,0,0
2024-10-12,0.0,0,0,0
2024-10-13,0.0,0,0,0
2024-10-14,879847.578423,0,0,0
2024-10-15,1207930.291837,0,0,0
2024-10-16,777202.545628,0,0,0
2024-10-17,912657.238796,0,0,0
2024-10-18,785781.480181,0,0,0
2024-10-19,0.0,0,0,0
2024-10-20,0.0,0,0,0
2024-10-21,1131957.097932,0,0,0
2024-10-22,927805.580786,0,0,0
2024-10-23,1042957.281422,0,0,0
2024-10-24,681604.715472,0,0,0
2024-10-25,1527768.978077,0,0,0
2024-10-26,0.0,0,0,0
2024-10-27,0.0,0,0,0
2024-10-28,962205.185676,0,0,0
2024-10-29,1070048.404563,0,0,1
2024-10-30,1070971.443228,0,0,1
2024-10-31,2755681.755882,0,1,0
2024-11-01,434798.604974,0,0,0
2024-11-02,0.0,1,0,0
2024-11-03,0.0,0,0,0
2024-11-04,869341.063999,0,0,0
2024-11-05,918133.091994,0,0,0
2024-11-06,834567.312865,0,0,0
2024-11-07,723437.316998,0,0,0
2024-11-08,654619.055742,0,0,0
2024-11-09,23326.127800000002,0,0,0
2024-11-10,0.0,0,0,0
2024-11-11,614309.06061,0,0,0
2024-11-12,1168959.091948,0,0,0
2024-11-13,1017850.544217,0,0,0
2024-11-14,1715365.607869,0,0,0
2024-11-15,2574867.125641,0,0,0
2024-11-16,4965.272425,0,0,0
2024-11-17,0.0,0,0,0
2024-11-18,0.0,1,0,0
2024-11-19,901458.072332,0,0,0
2024-11-20,942163.015138,0,0,0
2024-11-21,751486.594622,0,0,0
2024-11-22,1039283.942993,0,0,0
2024-11-23,0.0,0,0,0
2024-11-24,0.0,0,0,0
2024-11-25,660057.582942,0,0,0
2024-11-26,1328856.832493,0,0,0
2024-11-27,830307.102314,0,0,1
2024-11-28,1320750.755005,0,0,1
2024-11-29,2494755.779536,0,1,0
2024-11-30,182404.45383,0,0,0
2024-12-01,0.0,0,0,0
2024-12-02,680339.666615,0,0,0
2024-12-03,892553.21668,0,0,0
2024-12-04,615760.8524109999,0,0,0
2024-12-05,733718.790693,0,0,0
2024-12-06,918322.041136,0,0,0
2024-12-07,382929.265362,0,0,0
2024-12-08,0.0,0,0,0
2024-12-09,831926.455939,0,0,0
2024-12-10,988590.312536,0,0,0
2024-12-11,1114657.961156,0,0,0
2024-12-12,771412.386986,0,0,0
2024-12-13,1510734.877766,0,0,0
2024-12-14,0.0,0,0,0
2024-12-15,0.0,0,0,0
2024-12-16,1739499.751298,0,0,0
2024-12-17,1085732.56926,0,0,0
2024-12-18,1096914.737504,0,0,0
2024-12-19,1349299.71353,0,0,0
2024-12-20,1098429.957162,0,0,0
2024-12-21,0.0,0,0,0
2024-12-22,0.0,0,0,0
2024-12-23,0.0,0,0,0
2024-12-24,0.0,1,0,0
2024-12-25,0.0,0,0,0
2024-12-26,1472242.721364,0,0,0
2024-12-27,1252900.949202,0,0,1
2024-12-28,0.0,0,0,0
2024-12-29,64628.304928,0,0,0
2024-12-30,1527868.645563,0,0,1
2024-12-31,1444724.375664,0,1,0
2025-01-01,0.0,1,0,0
2025-01-02,782478.409274,0,0,0
2025-01-03,1046678.184955,0,0,0
2025-01-04,330409.138748,0,0,0
2025-01-05,163515.773281,0,0,0
2025-01-06,1138777.871843,0,0,0
2025-01-07,1758384.186498,0,0,0
2025-01-08,1327157.1135179999,0,0,0
2025-01-09,1151869.174936,0,0,0
2025-01-10,1847457.07867,0,0,0
2025-01-11,5304.51729,0,0,0
2025-01-12,184297.499822,0,0,0
2025-01-13,1359856.95456,0,0,0
2025-01-14,1376647.832717,0,0,0
2025-01-15,1284797.811066,0,0,0
2025-01-16,1112560.412592,0,0,0
2025-01-17,1480059.671083,0,0,0
2025-01-18,0.0,0,0,0
2025-01-19,120544.473085,0,0,0
2025-01-20,1454300.350752,0,0,0
2025-01-21,1798814.918067,0,0,0
2025-01-22,857945.873702,0,0,0
2025-01-23,1182514.388833,0,0,0
2025-01-24,1187867.639653,0,0,0
2025-01-25,5391.4969,0,0,0
2025-01-26,104323.379077,0,0,0
2025-01-27,1396262.090491,0,0,0
2025-01-28,1603539.445279,0,0,0
2025-01-29,1445655.371004,0,0,1
2025-01-30,1513755.389072,0,0,1
2025-01-31,3081649.443241,0,1,0
2025-02-01,135470.485359,0,0,0
2025-02-02,0.0,0,0,0
2025-02-03,74222.005607,0,0,0
2025-02-04,1671833.279873,0,0,0
2025-02-05,2099791.048641,0,0,0
2025-02-06,1612793.18804,0,0,0
2025-02-07,1456199.910463,0,0,0
2025-02-08,19300.032522,0,0,0
2025-02-09,0.0,0,0,0
2025-02-10,1634756.477703,0,0,0
2025-02-11,1253676.376039,0,0,0
2025-02-12,1064833.430354,0,0,0
2025-02-13,1334783.338187,0,0,0
2025-02-14,1034730.391429,0,0,0
2025-02-15,0.0,0,0,0
2025-02-16,0.0,0,0,0
2025-02-17,1365361.974478,0,0,0
2025-02-18,1548419.857348,0,0,0
2025-02-19,1237622.992003,0,0,0
2025-02-20,1124125.055604,0,0,0
2025-02-21,968941.76099,0,0,0
2025-02-22,2138.1551799999997,0,0,0
2025-02-23,0.0,0,0,0
2025-02-24,2729416.103024,0,0,0
2025-02-25,1362257.654944,0,0,0
2025-02-26,1243804.3374049999,0,0,1
2025-02-27,2181998.299564,0,0,1
2025-02-28,3302521.217163,0,1,0
2025-03-01,32549.535275,0,0,0
2025-03-02,0.0,0,0,0
2025-03-03,911992.557558,0,0,0
2025-03-04,1198435.759629,0,0,0
2025-03-05,989395.330005,0,0,0
2025-03-06,271032.00042500003,0,0,0
2025-03-07,1200635.821252,0,0,0
2025-03-08,9564.827472,0,0,0
2025-03-09,0.0,0,0,0
2025-03-10,1112497.827493,0,0,0
2025-03-11,1144245.330854,0,0,0
2025-03-12,1433856.401875,0,0,0
2025-03-13,1330747.042788,0,0,0
2025-03-14,1137643.8825990001,0,0,0
2025-03-15,0.0,0,0,0
2025-03-16,0.0,0,0,0
2025-03-17,0.0,1,0,0
2025-03-18,2394708.704111,0,0,0
2025-03-19,1230605.57992,0,0,0
2025-03-20,1200505.636509,0,0,0
2025-03-21,1482791.302904,0,0,0
2025-03-22,5962.45524,0,0,0
2025-03-23,0.0,0,0,0
2025-03-24,2121427.680672,0,0,0
2025-03-25,1720364.7539600001,0,0,0
2025-03-26,1088361.870937,0,0,0
2025-03-27,1887791.489456,0,0,1
2025-03-28,1315460.665236,0,0,1
2025-03-29,0.0,0,0,0
2025-03-30,0.0,0,0,0
2025-03-31,3794950.644353,0,1,0
2025-04-01,813041.759243,0,0,0
2025-04-02,755896.580646,0,0,0
2025-04-03,861010.019253,0,0,0
2025-04-04,1228277.354551,0,0,0
2025-04-05,7025.725136,0,0,0
2025-04-06,0.0,0,0,0
2025-04-07,1712179.762133,0,0,0
2025-04-08,1397836.43484,0,0,0
2025-04-09,1256125.88243,0,0,0
2025-04-10,1722044.497556,0,0,0
2025-04-11,1362918.056422,0,0,0
2025-04-12,0.0,0,0,0
2025-04-13,0.0,0,0,0
2025-04-14,1604633.803691,0,0,0
2025-04-15,1930602.396392,0,0,0
2025-04-16,589940.020237,0,0,0
2025-04-17,0.0,1,0,0
2025-04-18,0.0,1,0,0
2025-04-19,3916.29932,0,0,0
2025-04-20,0.0,0,0,0
2025-04-21,1399493.801986,0,0,0
2025-04-22,1383347.715431,0,0,0
2025-04-23,2141015.11444,0,0,0
2025-04-24,1497912.196907,0,0,0
2025-04-25,697360.603706,0,0,0
2025-04-26,0.0,0,0,0
2025-04-27,0.0,0,0,0
2025-04-28,3439743.68735,0,0,1
2025-04-29,1800201.642042,0,0,1
2025-04-30,3052111.578976,0,1,0
2025-05-01,0.0,1,0,0
2025-05-02,847977.1974449999,0,0,0
2025-05-03,2346.8965399999997,0,0,0
2025-05-04,0.0,0,0,0
2025-05-05,722445.085988,0,0,0
2025-05-06,2089504.624853,0,0,0
2025-05-07,950302.896839,0,0,0
2025-05-08,1304898.625699,0,0,0
2025-05-09,845182.762784,0,0,0
2025-05-10,0.0,0,0,0
2025-05-11,0.0,0,0,0
2025-05-12,1304631.407406,0,0,0
2025-05-13,1460027.564652,0,0,0
2025-05-14,1206387.007733,0,0,0
2025-05-15,1110114.695276,0,0,0
2025-05-16,1357502.727036,0,0,0
2025-05-17,0.0,0,0,0
2025-05-18,0.0,0,0,0
2025-05-19,1744943.126376,0,0,0
2025-05-20,2005100.645915,0,0,0
2025-05-21,1565919.120887,0,0,0
2025-05-22,1339968.453685,0,0,0
2025-05-23,1618243.698541,0,0,0
2025-05-24,3156.9827539999997,0,0,0
2025-05-25,0.0,0,0,0
2025-05-26,2147265.640667,0,0,0
2025-05-27,1505735.31728,0,0,0
2025-05-28,1868815.835358,0,0,1
2025-05-29,2223108.779457,0,0,1
2025-05-30,4633339.514281,0,1,0
2025-05-31,2316669.7571405,0,0,0
2025-06-01,0.0,0,0,0
2025-06-02,1199820.511431,0,0,0
2025-06-03,1075785.622165,0,0,0
2025-06-04,690948.031727,0,0,0
2025-06-05,1021631.45211,0,0,0
2025-06-06,1218436.650479,0,0,0
2025-06-07,0.0,0,0,0
2025-06-08,0.0,0,0,0
2025-06-09,844390.1039,0,0,0
2025-06-10,1502281.64095,0,0,0
2025-06-11,604898.115496,0,0,0
2025-06-12,1064533.119785,0,0,0
2025-06-13,1111548.220603,0,0,0
2025-06-14,6231.775828,0,0,0
2025-06-15,0.0,0,0,0
2025-06-16,1350672.985901,0,0,0
2025-06-17,979027.178505,0,0,0
2025-06-18,1329768.10778,0,0,0
2025-06-19,1076156.083391,0,0,0
2025-06-20,1636227.355598,0,0,0
2025-06-21,13764.842475,0,0,0
2025-06-22,0.0,0,0,0
2025-06-23,1167641.498326,0,0,0
2025-06-24,1194777.099907,0,0,0
2025-06-25,1347618.893119,0,0,0
2025-06-26,1514118.617029,0,0,1
2025-06-27,1114790.763471,0,0,1
2025-06-28,11844.364256,0,0,0
2025-06-29,0.0,0,0,0
2025-06-30,2773672.903367,0,1,0
2025-07-01,1185811.950519,0,0,0
2025-07-02,800536.531752,0,0,0
2025-07-03,1257151.2241459999,0,0,0
2025-07-04,1226663.501546,0,0,0
2025-07-05,4047.4138000000003,0,0,0
2025-07-06,0.0,0,0,0
2025-07-07,1132791.709903,0,0,0
2025-07-08,1846535.969822,0,0,0
2025-07-09,1106833.480566,0,0,0
2025-07-10,1303429.244376,0,0,0
2025-07-11,1229132.191446,0,0,0
2025-07-12,0.0,0,0,0
2025-07-13,818128.129268,0,0,0
2025-07-14,1636256.258536,0,0,0
2025-07-15,1485963.466818,0,0,0
2025-07-16,865166.904647,0,0,0
2025-07-17,1203705.875103,0,0,0
2025-07-18,990536.326957,0,0,0
2025-07-19,0.0,0,0,0
2025-07-20,0.0,0,0,0
2025-07-21,1663919.628207,0,0,0
2025-07-22,1477706.545263,0,0,0
2025-07-23,1319849.148427,0,0,0
2025-07-24,1731821.58287,0,0,0
2025-07-25,932348.728291,0,0,0
2025-07-26,0.0,0,0,0
2025-07-27,50704.751894,0,0,0
2025-07-28,1504804.89211,0,0,0
2025-07-29,1639671.700153,0,0,1
2025-07-30,1165252.261603,0,0,1
2025-07-31,2560516.562339,0,1,0
2025-08-01,820100.726389,0,0,0
2025-08-02,0.0,0,0,0
2025-08-03,0.0,0,0,0
2025-08-04,1876276.347806,0,0,0
2025-08-05,1723954.689567,0,0,0
2025-08-06,1169991.374735,0,0,0
2025-08-07,1750379.220525,0,0,0
2025-08-08,1136222.800928,0,0,0
2025-08-09,0.0,0,0,0
2025-08-10,0.0,0,0,0
2025-08-11,1498811.537821,0,0,0
2025-08-12,1698484.310355,0,0,0
2025-08-13,994911.195735,0,0,0
2025-08-14,1459710.362641,0,0,0
2025-08-15,1106566.76608,0,0,0
2025-08-16,0.0,0,0,0
2025-08-17,0.0,0,0,0
2025-08-18,1897231.815872,0,0,0
2025-08-19,1294439.369254,0,0,0
2025-08-20,1201100.770806,0,0,0
2025-08-21,989847.029904,0,0,0
2025-08-22,1492906.547137,0,0,0
2025-08-23,0.0,0,0,0
2025-08-24,0.0,0,0,0
2025-08-25,1991288.908604,0,0,0
2025-08-26,1712920.326164,0,0,0
2025-08-27,1399944.116752,0,0,1
2025-08-28,1290020.043831,0,0,1
2025-08-29,3501584.786161,0,1,0
2025-08-30,0.0,0,0,0
2025-08-31,856157.952727,0,0,0
2025-09-01,1712315.905454,0,0,0
2025-09-02,1663581.706965,0,0,0
2025-09-03,1446585.982272,0,0,0
2025-09-04,1657334.733009,0,0,0
2025-09-05,2284095.785258,0,0,0
2025-09-06,0.0,0,0,0
2025-09-07,0.0,0,0,0
2025-09-08,3615437.549342,0,0,0
2025-09-09,1510486.373992,0,0,0
2025-09-10,1472665.879423,0,0,0
2025-09-11,1516287.212523,0,0,0
2025-09-12,1739715.651748,0,0,0
2025-09-13,2584.37725,0,0,0
2025-09-14,0.0,0,0,0
2025-09-15,1215291.7378,0,0,0
2025-09-16,0.0,1,0,0
2025-09-17,1201010.706813,0,0,0
2025-09-18,1756109.076873,0,0,0
2025-09-19,1470138.613898,0,0,0
2025-09-20,0.0,0,0,0
2025-09-21,0.0,0,0,0
2025-09-22,1645257.1841220001,0,0,0
2025-09-23,1218947.478104,0,0,0
2025-09-24,1071727.29159,0,0,0
2025-09-25,1035750.666424,0,0,0
2025-09-26,1704039.840783,0,0,1
2025-09-27,852019.9203915,0,0,0
2025-09-28,0.0,0,0,0
2025-09-29,1681893.618097,0,0,1
2025-09-30,2637495.844364,0,1,0
2025-10-01,911603.466349,0,0,0
2025-10-02,1361061.31893,0,0,0
2025-10-03,898592.748782,0,0,0
2025-10-04,0.0,0,0,0
2025-10-05,0.0,0,0,0
2025-10-06,1669641.548322,0,0,0
2025-10-07,1760402.551941,0,0,0
2025-10-08,1206633.078327,0,0,0
2025-10-09,891327.235985,0,0,0
2025-10-10,1056004.635598,0,0,0
2025-10-11,0.0,0,0,0
2025-10-12,0.0,0,0,0
2025-10-13,1771781.400547,0,0,0
2025-10-14,1104804.484713,0,0,0
2025-10-15,1090234.293628,0,0,0
2025-10-16,1283131.928824,0,0,0
2025-10-17,1366823.838943,0,0,0
2025-10-18,0.0,0,0,0
2025-10-19,0.0,0,0,0
2025-10-20,1481914.042369,0,0,0
2025-10-21,1365276.828635,0,0,0
2025-10-22,1086195.617281,0,0,0
2025-10-23,1378543.199406,0,0,0
2025-10-24,813213.256896,0,0,0
2025-10-25,0.0,0,0,0
2025-10-26,0.0,0,0,0
2025-10-27,1867088.402462,0,0,0
2025-10-28,1381112.593176,0,0,0
2025-10-29,1531414.00045,0,0,1
2025-10-30,1871224.063321,0,0,1
2025-10-31,1617201.408753,0,1,0
2025-11-01,0.0,0,0,0
2025-11-02,0.0,0,0,0
2025-11-03,1971913.824271,0,0,0
2025-11-04,1274829.544762,0,0,0
2025-11-05,1129841.066764,0,0,0
2025-11-06,1432533.092722,0,0,0
2025-11-07,657084.742973,0,0,0
2025-11-08,0.0,0,0,0
2025-11-09,0.0,0,0,0
2025-11-10,2007977.57217,0,0,0
2025-11-11,2018765.499314,0,0,0
2025-11-12,1881574.662144,0,0,0
2025-11-13,1700019.656271,0,0,0
2025-11-14,2632323.428187,0,0,0
2025-11-15,0.0,0,0,0
2025-11-16,0.0,0,0,0
2025-11-17,0.0,1,0,0
2025-11-18,2031554.381727,0,0,0
2025-11-19,1238400.349792,0,0,0
2025-11-20,1058498.985151,0,0,0
2025-11-21,1435556.4072460001,0,0,0
2025-11-22,0.0,0,0,0
2025-11-23,0.0,0,0,0
2025-11-24,1724314.370009,0,0,0
2025-11-25,1711777.531417,0,0,0
2025-11-26,1057416.188734,0,0,1
2025-11-27,1656831.931397,0,0,1
2025-11-28,2769128.3110330002,0,1,0
2025-11-29,20149.924551,0,0,0
2025-11-30,0.0,0,0,0
2025-12-01,1163619.745166,0,0,0
2025-12-02,1026940.268634,0,0,0
2025-12-03,1133961.602264,0,0,0
2025-12-04,1712752.450873,0,0,0
2025-12-05,933248.18464,0,0,0
2025-12-06,0.0,0,0,0
2025-12-07,0.0,0,0,0
2025-12-08,1940410.246795,0,0,0
2025-12-09,1328103.477891,0,0,0
2025-12-10,2482924.035433,0,0,0
2025-12-11,1516252.054786,0,0,0
2025-12-12,850442.753364,0,0,0
2025-12-13,0.0,0,0,0
2025-12-14,0.0,0,0,0
2025-12-15,1883446.098397,0,0,0
2025-12-16,2226782.575889,0,0,0
2025-12-17,1609910.656895,0,0,0
2025-12-18,1340211.281081,0,0,0
2025-12-19,1521590.508401,0,0,0
2025-12-20,0.0,0,0,0
2025-12-21,0.0,0,0,0
2025-12-22,2966086.56026,0,0,0
2025-12-23,2283634.964807,0,0,0
2025-12-24,0.0,1,0,0
2025-12-25,0.0,0,0,0
2025-12-26,0.0,0,0,0
2025-12-27,0.0,0,0,0
2025-12-28,0.0,0,0,0
2025-12-29,3641396.232338,0,0,1
2025-12-30,2788903.088017,0,0,1
2025-12-31,2187094.185133,0,1,0
2026-01-01,0.0,1,0,0
2026-01-02,508017.24989700003,0,0,0
2026-01-03,0.0,0,0,0
2026-01-04,0.0,0,0,0
2026-01-05,1666885.149175,0,0,0
2026-01-06,1942128.507328,0,0,0
2026-01-07,412592.29075800005,0,0,0
2026-01-08,1235751.236032,0,0,0
2026-01-09,1302574.887447,0,0,0
2026-01-10,0.0,0,0,0
2026-01-11,0.0,0,0,0
2026-01-12,1241444.643648,0,0,0
2026-01-13,1847435.518565,0,0,0
2026-01-14,1232193.54886,0,0,0
2026-01-15,1553785.510933,0,0,0
2026-01-16,1041185.807333,0,0,0
2026-01-17,0.0,0,0,0
2026-01-18,0.0,0,0,0
2026-01-19,1932584.924073,0,0,0
2026-01-20,1678197.361354,0,0,0
2026-01-21,1045090.407123,0,0,0
2026-01-22,1035540.217179,0,0,0
2026-01-23,1247507.050686,0,0,0
2026-01-24,623753.525343,0,0,0
2026-01-25,0.0,0,0,0
2026-01-26,2152409.781259,0,0,0
2026-01-27,1793167.665184,0,0,0
2026-01-28,1156916.763139,0,0,1
2026-01-29,1426966.834578,0,0,1
2026-01-30,2778120.57204,0,1,0
2026-01-31,41744.747675,0,0,0
2026-02-01,20872.3738375,0,0,0
2026-02-02,0.0,0,0,0
2026-02-03,1770482.038979,0,0,0
2026-02-04,1328412.514499,0,0,0
2026-02-05,1540129.503122,0,0,0
2026-02-06,1467570.164048,0,0,0
2026-02-07,733785.082024,0,0,0
2026-02-08,0.0,0,0,0
2026-02-09,1798081.847484,0,0,0
2026-02-10,1400459.233866,0,0,0
2026-02-11,1010118.771905,0,0,0
2026-02-12,970406.432591,0,0,0
2026-02-13,1076865.158508,0,0,0
2026-02-14,1083671.9239156665,0,0,0
2026-02-15,1090478.6893233333,0,0,0
2026-02-16,1097285.454731,0,0,0
2026-02-17,1766165.93117,0,0,0
2026-02-18,1174052.951183,0,0,0
2026-02-19,1389010.396063,0,0,0
2026-02-20,1360227.525899,0,0,0
2026-02-21,680113.7629495,0,0,0
2026-02-22,0.0,0,0,0
2026-02-23,1273330.959478,0,0,0
2026-02-24,2418401.955274,0,0,0
2026-02-25,1534884.912274,0,0,1
2026-02-26,1362393.781038,0,0,1
2026-02-27,3011421.649712,0,1,0
2026-02-28,82371.740127,0,0,0
2026-03-01,0.0,0,0,0
2026-03-02,1237512.382633,0,0,0
2026-03-03,1141282.384216,0,0,0
2026-03-04,1010484.877238,0,0,0
2026-03-05,1384527.068948,0,0,0
2026-03-06,1325040.710056,0,0,0
2026-03-07,0.0,0,0,0
2026-03-08,0.0,0,0,0
2026-03-09,1663643.501474,0,0,0
2026-03-10,1192687.7214249999,0,0,0
2026-03-11,1426066.437796,0,0,0
2026-03-12,1261753.880432,0,0,0
2026-03-13,1333761.877837,0,0,0
2026-03-14,0.0,0,0,0
2026-03-15,67966.742608,0,0,0
2026-03-16,0.0,1,0,0
2026-03-17,2716086.447461,0,0,0
2026-03-18,1064656.581553,0,0,0
2026-03-19,1470399.669235,0,0,0
2026-03-20,1320038.512715,0,0,0
2026-03-21,0.0,0,0,0
2026-03-22,0.0,0,0,0
2026-03-23,1996507.7498630001,0,0,0
2026-03-24,1878086.284186,0,0,0
2026-03-25,1216806.187032,0,0,0
2026-03-26,1680637.417658,0,0,0
2026-03-27,1237289.263563,0,0,1
2026-03-28,0.0,0,0,0
2026-03-29,0.0,0,0,0
2026-03-30,2718817.074692,0,0,1
2026-03-31,2964747.9683829998,0,1,0
2026-04-01,1417995.004128,0,0,0
2026-04-02,0.0,1,0,0
2026-04-03,0.0,1,0,0
2026-04-04,0.0,0,0,0
2026-04-05,0.0,0,0,0
2026-04-06,2877655.04527,0,0,0
2026-04-07,1780346.374536,0,0,0
2026-04-08,1674429.505048,0,0,0
2026-04-09,1741267.799183,0,0,0
2026-04-10,1038706.822204,0,0,0
2026-04-11,0.0,0,0,0
2026-04-12,0.0,0,0,0
2026-04-13,1809339.118248,0,0,0
2026-04-14,1587213.609391,0,0,0
2026-04-15,909939.752773,0,0,0
2026-04-16,2123509.171958,0,0,0
2026-04-17,952962.522095,0,0,0
2026-04-18,0.0,0,0,0
2026-04-19,0.0,0,0,0
2026-04-20,1961137.931376,0,0,0
2026-04-21,1809028.914448,0,0,0
2026-04-22,1189388.092711,0,0,0
2026-04-23,1259250.67956,0,0,0
2026-04-24,1176682.467459,0,0,0
2026-04-25,0.0,0,0,0
2026-04-26,0.0,0,0,0
2026-04-27,1635003.195182,0,0,0
2026-04-28,2226883.720939,0,0,1
2026-04-29,1791020.571978,0,0,1
2026-04-30,3330617.511462,0,1,0
2026-05-01,0.0,1,0,0
2026-05-02,0.0,0,0,0
2026-05-03,0.0,0,0,0
2026-05-04,1937861.36054,0,0,0
2026-05-05,1300311.075909,0,0,0
2026-05-06,997436.797577,0,0,0
2026-05-07,1392675.395148,0,0,0
2026-05-08,1230547.783426,0,0,0
2026-05-09,0.0,0,0,0
2026-05-10,0.0,0,0,0
2026-05-11,1790415.582091,0,0,0
2026-05-12,2139962.694314,0,0,0
2026-05-13,1245428.48707,0,0,1
2026-05-14,1656746.249652,0,0,1
2026-05-15,646434.792194,0,1,0
